{
  "targets": [
    "swap"
  ],
  "passes": [
    {
      "name": "luminance:overlay",
      "intarget": "minecraft:main",
      "outtarget": "swap",
      "auxtargets": [
        {
          "name": "OverlaySampler",
          "id": "unregistered_version:unregistered_version",
          "width": 320,
          "height": 200,
          "bilinear": false
        }
      ],
      "uniforms": [
        {
          "name": "xAmount",
          "values": [ -1.0 ]
        }
      ]
    },
    {
      "name": "minecraft:blit",
      "intarget": "swap",
      "outtarget": "minecraft:main"
    }
  ]
}
